id,energy
1,5.196421229934086
2,5.267825660020248
3,3.1655402094944765
5,4.632548138600746
6,4.954741423638815
8,3.9935254262218214
9,5.631765394319618
10,5.387422623420547
11,5.896024205149826
12,3.464322263617536
13,5.770308583422228
14,4.6337829009711005
16,4.658178565325192
17,5.039154384468777
18,5.389246070215409
19,4.421156448801811
